model,roc_auc,pr_auc
RandomForest (ML),0.9407063270833512,0.7364622807426647
MLP (DL),0.9166575299775553,0.5794399575866894
LogisticRegression (ML),0.7453853429193295,0.13730816967359938
